userid,user_name
1,Liam
2,Noah
3,William
4,James
5,Oliver
6,Benjamin
7,Elijah
8,Lucas
9,Mason
10,Logan
11,Alexander
12,Ethan
13,Jacob
14,Michael
15,Daniel
16,Henry
17,Jackson
18,Sebastian
19,Aiden
20,Matthew
21,Samuel
22,David
23,Joseph
24,Carter
25,Owen
26,John
27,Wyatt
28,Jack
29,Luke
30,Jayden
31,Dylan
32,Grayson
33,Levi
34,Isaac
35,Gabriel
36,Julian
37,Mateo
38,Anthony
39,Jaxon
40,Joshua
41,Lincoln
42,Christopher
43,Andrew
44,Theodore
45,Caleb
46,Ryan
47,Asher
48,Nathan
49,Thomas
50,Leo
51,Isaiah
52,Josiah
53,Charles
54,Hudson
55,Christian
56,Hunter
57,Connor
58,Eli
59,Ezra
60,Aaron
61,Landon
62,Adrian
63,Jonathan
64,Nolan
65,Jeremiah
66,Easton
67,Elias
68,Colton
69,Cameron
70,Carson
71,Robert
72,Angel
73,Maverick
74,Nicholas
75,Dominic
76,Jaxson
77,Greyson
78,Adam
79,Ian
80,Jordan
81,Austin
82,Santiago
83,Cooper
84,Brayden
85,Evan
86,Roman
87,Ezekiel
88,Xavier
89,Jose
90,Jace
91,Jameson
92,Leonardo
93,Bryson
94,Axel
95,Everett
96,Parker
97,Kayden
98,Miles
99,Sawyer
100,Jason
101,Declan
102,Weston
103,Micah
104,Ayden
105,Wesley
106,Luca
107,Vincent
108,Zachary
109,Damian
110,Silas
111,Gavin
112,Chase
113,Kai
114,Emmett
115,Harrison
116,Nathaniel
117,Kingston
118,Cole
119,Tyler
120,Bennett
121,Bentley
122,Ryker
123,Tristan
124,Brandon
125,Kevin
126,Luis
127,George
128,Ashton
129,Rowan
130,Braxton
131,Ryder
132,Gael
133,Ivan
134,Maxwell
135,Diego
136,Max
137,Carlos
138,Kaiden
139,Juan
140,Maddox
141,Justin
142,Waylon
143,Giovanni
144,Calvin
145,Jonah
146,Abel
147,Jayce
148,Jesus
149,King
150,Amir
151,Beau
152,Camden
153,Alex
154,Malachi
155,Jasper
156,Jude
157,Brody
158,Blake
159,Emmanuel
160,Eric
161,Brooks
162,Elliot
163,Antonio
164,Abraham
165,Timothy
166,Finn
167,Rhett
168,Elliott
169,August
170,Edward
171,Xander
172,Dean
173,Lorenzo
174,Alan
175,Bryce
176,Karter
177,Victor
178,Milo
179,Miguel
180,Hayden
181,Zion
182,Graham
183,Tucker
184,Grant
185,Jesse
186,Zayden
187,Richard
188,Joel
189,Patrick
190,Emiliano
191,Avery
192,Brantley
193,Myles
194,Dawson
195,Nicolas
196,Matteo
197,River
198,Steven
199,Zane
200,Thiago
201,Judah
202,Matias
203,Messiah
204,Preston
205,Jeremy
206,Oscar
207,Kaleb
208,Alejandro
209,Marcus
210,Mark
211,Peter
212,Maximus
213,Barrett
214,Jax
215,Andres
216,Legend
217,Charlie
218,Holden
219,Knox
220,Kaden
221,Paxton
222,Kyrie
223,Kyle
224,Griffin
225,Kenneth
226,Josue
227,Enzo
228,Beckett
229,Felix
230,Arthur
231,Adriel
232,Lukas
233,Bryan
234,Paul
235,Brian
236,Colt
237,Caden
238,Leon
239,Archer
240,Israel
241,Omar
242,Aidan
243,Theo
244,Javier
245,Remington
246,Jaden
247,Bradley
248,Emilio
249,Colin
250,Riley
251,Cayden
252,Phoenix
253,Simon
254,Clayton
255,Ace
256,Nash
257,Derek
258,Rafael
259,Zander
260,Louis
261,Brady
262,Jorge
263,Jake
264,Damien
265,Walker
266,Karson
267,Maximiliano
268,Sean
269,Amari
270,Chance
271,Walter
272,Martin
273,Tobias
274,Finley
275,Andre
276,Cash
277,Arlo
278,Corbin
279,Iker
280,Cody
281,Gunner
282,Erick
283,Stephen
284,Emerson
285,Francisco
286,Dallas
287,Killian
288,Reid
289,Manuel
290,Atlas
291,Lane
292,Jensen
293,Rylan
294,Ronan
295,Beckham
296,Daxton
297,Anderson
298,Kameron
299,Raymond
300,Orion
301,Cristian
302,Tanner
303,Kyler
304,Jett
305,Cohen
306,Emma
307,Olivia
308,Ava
309,Isabella
310,Sophia
311,Charlotte
312,Mia
313,Amelia
314,Harper
315,Evelyn
316,Abigail
317,Emily
318,Elizabeth
319,Mila
320,Ella
321,Sofia
322,Camila
323,Aria
324,Scarlett
325,Victoria
326,Madison
327,Luna
328,Grace
329,Chloe
330,Penelope
331,Layla
332,Zoey
333,Nora
334,Lily
335,Eleanor
336,Hannah
337,Lillian
338,Addison
339,Ellie
340,Aubrey
341,Stella
342,Zoe
343,Natalie
344,Leah
345,Hazel
346,Violet
347,Aurora
348,Savannah
349,Audrey
350,Brooklyn
351,Bella
352,Claire
353,Skylar
354,Lucy
355,Paisley
356,Everly
357,Anna
358,Nova
359,Caroline
360,Genesis
361,Emilia
362,Kennedy
363,Willow
364,Samantha
365,Maya
366,Kinsley
367,Naomi
368,Aaliyah
369,Sarah
370,Elena
371,Ariana
372,Gabriella
373,Allison
374,Alice
375,Madelyn
376,Cora
377,Ruby
378,Eva
379,Serenity
380,Autumn
381,Adeline
382,Hailey
383,Gianna
384,Valentina
385,Isla
386,Eliana
387,Nevaeh
388,Quinn
389,Ivy
390,Sadie
391,Piper
392,Lydia
393,Alexa
394,Josephine
395,Delilah
396,Emery
397,Julia
398,Arianna
399,Vivian
400,Kaylee
401,Sophie
402,Brielle
403,Madeline
404,Rylee
405,Peyton
406,Clara
407,Hadley
408,Melanie
409,Mackenzie
410,Reagan
411,Adalynn
412,Liliana
413,Aubree
414,Jade
415,Katherine
416,Isabelle
417,Natalia
418,Maria
419,Raelynn
420,Athena
421,Ximena
422,Arya
423,Leilani
424,Taylor
425,Faith
426,Rose
427,Kylie
428,Alexandra
429,Mary
430,Margaret
431,Lyla
432,Ashley
433,Amaya
434,Eliza
435,Brianna
436,Bailey
437,Andrea
438,Melody
439,Khloe
440,Jasmine
441,Iris
442,Isabel
443,Norah
444,Valeria
445,Annabelle
446,Adalyn
447,Ryleigh
448,Eden
449,Anastasia
450,Emersyn
451,Kayla
452,Alyssa
453,Esther
454,Juliana
455,Ariel
456,Cecilia
457,Valerie
458,Alina
459,Molly
460,Reese
461,Aliyah
462,Lilly
463,Morgan
464,Sydney
465,Jordyn
466,Eloise
467,Trinity
468,Sara
469,Daisy
470,Genevieve
471,Kimberly
472,Lauren
473,Arabella
474,Harmony
475,Elise
476,Remi
477,Teagan
478,Alexis
479,London
480,Sloane
481,Laila
482,Lucia
483,Diana
484,Juliette
485,Sienna
486,Elliana
487,Londyn
488,Ayla
489,Callie
490,Amara
491,Gracie
492,Josie
493,Mya
494,Jocelyn
495,Daniela
496,Everleigh
497,Rachel
498,Summer
499,Alana
500,Brooke
501,Alaina
502,Mckenzie
503,Amy
504,Catherine
505,Presley
506,Journee
507,Ember
508,Rosalie
509,Brynlee
510,Rebecca
511,Paige
512,Joanna
513,Ana
514,Mariah
515,Nicole
516,Payton
517,Brooklynn
518,Georgia
519,Marley
520,Fiona
521,Harley
522,Lila
523,Journey
524,Adelyn
525,Noelle
526,Gemma
527,Alivia
528,Vanessa
529,Makayla
530,Angelina
531,Adaline
532,Alayna
533,Catalina
534,Julianna
535,Lola
536,Leila
537,Adriana
538,June
539,Juliet
540,Jayla
541,Tessa
542,Dakota
543,Lia
544,Delaney
545,Selena
546,Blakely
547,Ada
548,Hope
549,Camille
550,Zara
551,Malia
552,Samara
553,Vera
554,Mckenna
555,Izabella
556,Briella
557,Ruth
558,Michelle
559,Raegan
560,Freya
561,Angela
562,Kamila
563,Olive
564,Aspen
565,Vivienne
566,Kendall
567,Elaina
568,Thea
569,Destiny
570,Kali
571,Evangeline
572,Amiyah
573,Elsie
574,Cali
575,Alexandria
576,Juniper
577,Ariella
578,Myla
579,Kate
580,Mariana
581,Lilah
582,Charlee
583,Nyla
584,Jane
585,Zuri
586,Aniyah
587,Daleyza
588,Maggie
589,Lucille
590,Leia
591,Adelaide
592,Amina
593,Melissa
594,Miriam
595,Giselle
596,Lena
597,Camilla
598,Millie
599,Sage
600,Arielle
601,Alessandra
602,Gabriela
603,Paislee
604,Raelyn
605,Makenna
606,Madilyn
607,Paris
608,Kinley
609,Talia
610,Gracelyn
